{"Gryffindor": {"cte": 9.537439400822132, "History of Magic": -0.06655359195407161, "Transfiguration": -0.009068395019065527, "Arithmancy": 0, "Astronomy": 0, "Herbology": 0, "Defense Against the Dark Arts": 0, "Divination": 0, "Muggle Studies": 0, "Ancient Runes": 0, "Potions": 0, "Care of Magical Creatures": 0, "Charms": 0, "Flying": 0}, "Hufflepuff": {"cte": -1.6396883843414836, "Arithmancy": 3.2833507705946185e-06, "Astronomy": 0.0003181567133367869, "Herbology": 0.029004281267006993, "Defense Against the Dark Arts": -0.031815671333678686, "Divination": 0.02479510935709677, "Muggle Studies": -0.00014254173595746163, "Ancient Runes": -0.0007822715284783056, "History of Magic": 0.027106796318967355, "Transfiguration": 0.0017616349265885682, "Potions": 0.012368905610301741, "Care of Magical Creatures": -0.1509304543031583, "Charms": 0.0011429524862470429, "Flying": -0.00044691784907138716}, "Ravenclaw": {"cte": 5.679875978389932, "Charms": 0.023057490827883585, "Muggle Studies": 0.0003113244489605792, "Arithmancy": 0, "Astronomy": 0, "Herbology": 0, "Defense Against the Dark Arts": 0, "Divination": 0, "Ancient Runes": 0, "History of Magic": 0, "Transfiguration": 0, "Potions": 0, "Care of Magical Creatures": 0, "Flying": 0}, "Slytherin": {"cte": 0.179200630702932, "Divination": -0.05575920345503323, "Arithmancy": 0, "Astronomy": 0, "Herbology": 0, "Defense Against the Dark Arts": 0, "Muggle Studies": 0, "Ancient Runes": 0, "History of Magic": 0, "Transfiguration": 0, "Potions": 0, "Care of Magical Creatures": 0, "Charms": 0, "Flying": 0}}